{
	"ImportPath": "k8s.io/kube-state-metrics",
	"GoVersion": "go1.9",
	"GodepVersion": "v80",
	"Deps": [
		{
			"ImportPath": "cloud.google.com/go/compute/metadata",
			"Comment": "v0.1.0-115-g3b1ae45",
			"Rev": "3b1ae45394a234c385be014e9a488f2bb6eef821"
		},
		{
			"ImportPath": "cloud.google.com/go/internal",
			"Comment": "v0.1.0-115-g3b1ae45",
			"Rev": "3b1ae45394a234c385be014e9a488f2bb6eef821"
		},
		{
			"ImportPath": "github.com/Azure/go-autorest/autorest",
			"Comment": "v10.6.0-2-g1ff2880",
			"Rev": "1ff28809256a84bb6966640ff3d0371af82ccba4"
		},
		{
			"ImportPath": "github.com/Azure/go-autorest/autorest/adal",
			"Comment": "v10.6.0-2-g1ff2880",
			"Rev": "1ff28809256a84bb6966640ff3d0371af82ccba4"
		},
		{
			"ImportPath": "github.com/Azure/go-autorest/autorest/azure",
			"Comment": "v10.6.0-2-g1ff2880",
			"Rev": "1ff28809256a84bb6966640ff3d0371af82ccba4"
		},
		{
			"ImportPath": "github.com/Azure/go-autorest/autorest/date",
			"Comment": "v10.6.0-2-g1ff2880",
			"Rev": "1ff28809256a84bb6966640ff3d0371af82ccba4"
		},
		{
			"ImportPath": "github.com/beorn7/perks/quantile",
			"Rev": "4c0e84591b9aa9e6dcfdf3e020114cd81f89d5f9"
		},
		{
			"ImportPath": "github.com/davecgh/go-spew/spew",
			"Comment": "v1.1.0-1-g782f496",
			"Rev": "782f4967f2dc4564575ca782fe2d04090b5faca8"
		},
		{
			"ImportPath": "github.com/dgrijalva/jwt-go",
			"Comment": "v3.0.0-4-g01aeca5",
			"Rev": "01aeca54ebda6e0fbfafd0a524d234159c05ec20"
		},
		{
			"ImportPath": "github.com/ghodss/yaml",
			"Rev": "73d445a93680fa1a78ae23a5839bad48f32ba1ee"
		},
		{
			"ImportPath": "github.com/gogo/protobuf/proto",
			"Comment": "v0.4-3-gc0656ed",
			"Rev": "c0656edd0d9eab7c66d1eb0c568f9039345796f7"
		},
		{
			"ImportPath": "github.com/gogo/protobuf/sortkeys",
			"Comment": "v0.4-3-gc0656ed",
			"Rev": "c0656edd0d9eab7c66d1eb0c568f9039345796f7"
		},
		{
			"ImportPath": "github.com/golang/glog",
			"Rev": "44145f04b68cf362d9c4df2182967c2275eaefed"
		},
		{
			"ImportPath": "github.com/golang/protobuf/proto",
			"Comment": "v1.1.0",
			"Rev": "b4deda0973fb4c70b50d226b1af49f3da59f5265"
		},
		{
			"ImportPath": "github.com/golang/protobuf/ptypes",
			"Comment": "v1.1.0",
			"Rev": "b4deda0973fb4c70b50d226b1af49f3da59f5265"
		},
		{
			"ImportPath": "github.com/golang/protobuf/ptypes/any",
			"Comment": "v1.1.0",
			"Rev": "b4deda0973fb4c70b50d226b1af49f3da59f5265"
		},
		{
			"ImportPath": "github.com/golang/protobuf/ptypes/duration",
			"Comment": "v1.1.0",
			"Rev": "b4deda0973fb4c70b50d226b1af49f3da59f5265"
		},
		{
			"ImportPath": "github.com/golang/protobuf/ptypes/timestamp",
			"Comment": "v1.1.0",
			"Rev": "b4deda0973fb4c70b50d226b1af49f3da59f5265"
		},
		{
			"ImportPath": "github.com/google/btree",
			"Rev": "7d79101e329e5a3adf994758c578dab82b90c017"
		},
		{
			"ImportPath": "github.com/google/gofuzz",
			"Rev": "44d81051d367757e1c7c6a5a86423ece9afcf63c"
		},
		{
			"ImportPath": "github.com/googleapis/gnostic/OpenAPIv2",
			"Rev": "0c5108395e2debce0d731cf0287ddf7242066aba"
		},
		{
			"ImportPath": "github.com/googleapis/gnostic/compiler",
			"Rev": "0c5108395e2debce0d731cf0287ddf7242066aba"
		},
		{
			"ImportPath": "github.com/googleapis/gnostic/extensions",
			"Rev": "0c5108395e2debce0d731cf0287ddf7242066aba"
		},
		{
			"ImportPath": "github.com/gophercloud/gophercloud",
			"Rev": "781450b3c4fcb4f5182bcc5133adb4b2e4a09d1d"
		},
		{
			"ImportPath": "github.com/gophercloud/gophercloud/openstack",
			"Rev": "781450b3c4fcb4f5182bcc5133adb4b2e4a09d1d"
		},
		{
			"ImportPath": "github.com/gophercloud/gophercloud/openstack/identity/v2/tenants",
			"Rev": "781450b3c4fcb4f5182bcc5133adb4b2e4a09d1d"
		},
		{
			"ImportPath": "github.com/gophercloud/gophercloud/openstack/identity/v2/tokens",
			"Rev": "781450b3c4fcb4f5182bcc5133adb4b2e4a09d1d"
		},
		{
			"ImportPath": "github.com/gophercloud/gophercloud/openstack/identity/v3/tokens",
			"Rev": "781450b3c4fcb4f5182bcc5133adb4b2e4a09d1d"
		},
		{
			"ImportPath": "github.com/gophercloud/gophercloud/openstack/utils",
			"Rev": "781450b3c4fcb4f5182bcc5133adb4b2e4a09d1d"
		},
		{
			"ImportPath": "github.com/gophercloud/gophercloud/pagination",
			"Rev": "781450b3c4fcb4f5182bcc5133adb4b2e4a09d1d"
		},
		{
			"ImportPath": "github.com/gregjones/httpcache",
			"Rev": "787624de3eb7bd915c329cba748687a3b22666a6"
		},
		{
			"ImportPath": "github.com/gregjones/httpcache/diskcache",
			"Rev": "787624de3eb7bd915c329cba748687a3b22666a6"
		},
		{
			"ImportPath": "github.com/hashicorp/golang-lru",
			"Rev": "a0d98a5f288019575c6d1f4bb1573fef2d1fcdc4"
		},
		{
			"ImportPath": "github.com/hashicorp/golang-lru/simplelru",
			"Rev": "a0d98a5f288019575c6d1f4bb1573fef2d1fcdc4"
		},
		{
			"ImportPath": "github.com/imdario/mergo",
			"Comment": "0.1.3-8-g6633656",
			"Rev": "6633656539c1639d9d78127b7d47c622b5d7b6dc"
		},
		{
			"ImportPath": "github.com/json-iterator/go",
			"Comment": "1.1.3-22-gf2b4162",
			"Rev": "f2b4162afba35581b6d4a50d3b8f34e33c144682"
		},
		{
			"ImportPath": "github.com/matttproud/golang_protobuf_extensions/pbutil",
			"Comment": "v1.0.0-2-gc12348c",
			"Rev": "c12348ce28de40eed0136aa2b644d0ee0650e56c"
		},
		{
			"ImportPath": "github.com/modern-go/concurrent",
			"Comment": "1.0.3",
			"Rev": "bacd9c7ef1dd9b15be4a9909b8ac7a4e313eec94"
		},
		{
			"ImportPath": "github.com/modern-go/reflect2",
			"Comment": "1.0.0-9-g05fbef0",
			"Rev": "05fbef0ca5da472bbf96c9322b84a53edc03c9fd"
		},
		{
			"ImportPath": "github.com/openshift/origin/pkg/util/proc",
			"Comment": "v1.3.0-alpha.0-282-g8f127d7",
			"Rev": "8f127d736703e5139c0b6cfb423acd15618318ec"
		},
		{
			"ImportPath": "github.com/peterbourgon/diskv",
			"Comment": "v2.0.1",
			"Rev": "5f041e8faa004a95c88a202771f4cc3e991971e6"
		},
		{
			"ImportPath": "github.com/prometheus/client_golang/prometheus",
			"Comment": "v0.9.0-pre1-104-gfaf4ec3",
			"Rev": "faf4ec335fe01ae5a6a0eaa34a5a9333bfbd1a30"
		},
		{
			"ImportPath": "github.com/prometheus/client_golang/prometheus/promhttp",
			"Comment": "v0.9.0-pre1-104-gfaf4ec3",
			"Rev": "faf4ec335fe01ae5a6a0eaa34a5a9333bfbd1a30"
		},
		{
			"ImportPath": "github.com/prometheus/client_model/go",
			"Comment": "model-0.0.2-12-gfa8ad6f",
			"Rev": "fa8ad6fec33561be4280a8f0514318c79d7f6cb6"
		},
		{
			"ImportPath": "github.com/prometheus/common/expfmt",
			"Rev": "ebdfc6da46522d58825777cf1f90490a5b1ef1d8"
		},
		{
			"ImportPath": "github.com/prometheus/common/internal/bitbucket.org/ww/goautoneg",
			"Rev": "ebdfc6da46522d58825777cf1f90490a5b1ef1d8"
		},
		{
			"ImportPath": "github.com/prometheus/common/model",
			"Rev": "ebdfc6da46522d58825777cf1f90490a5b1ef1d8"
		},
		{
			"ImportPath": "github.com/prometheus/procfs",
			"Rev": "abf152e5f3e97f2fafac028d2cc06c1feb87ffa5"
		},
		{
			"ImportPath": "github.com/robfig/cron",
			"Comment": "v1-58-g736158d",
			"Rev": "736158dc09e10f1911ca3a1e1b01f11b566ce5db"
		},
		{
			"ImportPath": "github.com/spf13/pflag",
			"Comment": "v1.0.1",
			"Rev": "583c0c0531f06d5278b7d917446061adc344b5cd"
		},
		{
			"ImportPath": "golang.org/x/crypto/ssh/terminal",
			"Rev": "49796115aa4b964c318aad4f3084fdb41e9aa067"
		},
		{
			"ImportPath": "golang.org/x/net/context",
			"Rev": "1c05540f6879653db88113bc4a2b70aec4bd491f"
		},
		{
			"ImportPath": "golang.org/x/net/context/ctxhttp",
			"Rev": "1c05540f6879653db88113bc4a2b70aec4bd491f"
		},
		{
			"ImportPath": "golang.org/x/net/http2",
			"Rev": "1c05540f6879653db88113bc4a2b70aec4bd491f"
		},
		{
			"ImportPath": "golang.org/x/net/http2/hpack",
			"Rev": "1c05540f6879653db88113bc4a2b70aec4bd491f"
		},
		{
			"ImportPath": "golang.org/x/net/idna",
			"Rev": "1c05540f6879653db88113bc4a2b70aec4bd491f"
		},
		{
			"ImportPath": "golang.org/x/net/lex/httplex",
			"Rev": "1c05540f6879653db88113bc4a2b70aec4bd491f"
		},
		{
			"ImportPath": "golang.org/x/oauth2",
			"Rev": "a6bd8cefa1811bd24b86f8902872e4e8225f74c4"
		},
		{
			"ImportPath": "golang.org/x/oauth2/google",
			"Rev": "a6bd8cefa1811bd24b86f8902872e4e8225f74c4"
		},
		{
			"ImportPath": "golang.org/x/oauth2/internal",
			"Rev": "a6bd8cefa1811bd24b86f8902872e4e8225f74c4"
		},
		{
			"ImportPath": "golang.org/x/oauth2/jws",
			"Rev": "a6bd8cefa1811bd24b86f8902872e4e8225f74c4"
		},
		{
			"ImportPath": "golang.org/x/oauth2/jwt",
			"Rev": "a6bd8cefa1811bd24b86f8902872e4e8225f74c4"
		},
		{
			"ImportPath": "golang.org/x/sys/unix",
			"Rev": "95c6576299259db960f6c5b9b69ea52422860fce"
		},
		{
			"ImportPath": "golang.org/x/sys/windows",
			"Rev": "95c6576299259db960f6c5b9b69ea52422860fce"
		},
		{
			"ImportPath": "golang.org/x/text/secure/bidirule",
			"Rev": "b19bf474d317b857955b12035d2c5acb57ce8b01"
		},
		{
			"ImportPath": "golang.org/x/text/transform",
			"Rev": "b19bf474d317b857955b12035d2c5acb57ce8b01"
		},
		{
			"ImportPath": "golang.org/x/text/unicode/bidi",
			"Rev": "b19bf474d317b857955b12035d2c5acb57ce8b01"
		},
		{
			"ImportPath": "golang.org/x/text/unicode/norm",
			"Rev": "b19bf474d317b857955b12035d2c5acb57ce8b01"
		},
		{
			"ImportPath": "golang.org/x/time/rate",
			"Rev": "f51c12702a4d776e4c1fa9b0fabab841babae631"
		},
		{
			"ImportPath": "gopkg.in/inf.v0",
			"Comment": "v0.9.0",
			"Rev": "3887ee99ecf07df5b447e9b00d9c0b2adaa9f3e4"
		},
		{
			"ImportPath": "gopkg.in/yaml.v2",
			"Rev": "670d4cfef0544295bc27a114dbac37980d83185a"
		},
		{
			"ImportPath": "k8s.io/api/admissionregistration/v1alpha1",
			"Comment": "kubernetes-1.11.0",
			"Rev": "072894a440bdee3a891dea811fe42902311cd2a3"
		},
		{
			"ImportPath": "k8s.io/api/admissionregistration/v1beta1",
			"Comment": "kubernetes-1.11.0",
			"Rev": "072894a440bdee3a891dea811fe42902311cd2a3"
		},
		{
			"ImportPath": "k8s.io/api/apps/v1",
			"Comment": "kubernetes-1.11.0",
			"Rev": "072894a440bdee3a891dea811fe42902311cd2a3"
		},
		{
			"ImportPath": "k8s.io/api/apps/v1beta1",
			"Comment": "kubernetes-1.11.0",
			"Rev": "072894a440bdee3a891dea811fe42902311cd2a3"
		},
		{
			"ImportPath": "k8s.io/api/apps/v1beta2",
			"Comment": "kubernetes-1.11.0",
			"Rev": "072894a440bdee3a891dea811fe42902311cd2a3"
		},
		{
			"ImportPath": "k8s.io/api/authentication/v1",
			"Comment": "kubernetes-1.11.0",
			"Rev": "072894a440bdee3a891dea811fe42902311cd2a3"
		},
		{
			"ImportPath": "k8s.io/api/authentication/v1beta1",
			"Comment": "kubernetes-1.11.0",
			"Rev": "072894a440bdee3a891dea811fe42902311cd2a3"
		},
		{
			"ImportPath": "k8s.io/api/authorization/v1",
			"Comment": "kubernetes-1.11.0",
			"Rev": "072894a440bdee3a891dea811fe42902311cd2a3"
		},
		{
			"ImportPath": "k8s.io/api/authorization/v1beta1",
			"Comment": "kubernetes-1.11.0",
			"Rev": "072894a440bdee3a891dea811fe42902311cd2a3"
		},
		{
			"ImportPath": "k8s.io/api/autoscaling/v1",
			"Comment": "kubernetes-1.11.0",
			"Rev": "072894a440bdee3a891dea811fe42902311cd2a3"
		},
		{
			"ImportPath": "k8s.io/api/autoscaling/v2beta1",
			"Comment": "kubernetes-1.11.0",
			"Rev": "072894a440bdee3a891dea811fe42902311cd2a3"
		},
		{
			"ImportPath": "k8s.io/api/batch/v1",
			"Comment": "kubernetes-1.11.0",
			"Rev": "072894a440bdee3a891dea811fe42902311cd2a3"
		},
		{
			"ImportPath": "k8s.io/api/batch/v1beta1",
			"Comment": "kubernetes-1.11.0",
			"Rev": "072894a440bdee3a891dea811fe42902311cd2a3"
		},
		{
			"ImportPath": "k8s.io/api/batch/v2alpha1",
			"Comment": "kubernetes-1.11.0",
			"Rev": "072894a440bdee3a891dea811fe42902311cd2a3"
		},
		{
			"ImportPath": "k8s.io/api/certificates/v1beta1",
			"Comment": "kubernetes-1.11.0",
			"Rev": "072894a440bdee3a891dea811fe42902311cd2a3"
		},
		{
			"ImportPath": "k8s.io/api/core/v1",
			"Comment": "kubernetes-1.11.0",
			"Rev": "072894a440bdee3a891dea811fe42902311cd2a3"
		},
		{
			"ImportPath": "k8s.io/api/events/v1beta1",
			"Comment": "kubernetes-1.11.0",
			"Rev": "072894a440bdee3a891dea811fe42902311cd2a3"
		},
		{
			"ImportPath": "k8s.io/api/extensions/v1beta1",
			"Comment": "kubernetes-1.11.0",
			"Rev": "072894a440bdee3a891dea811fe42902311cd2a3"
		},
		{
			"ImportPath": "k8s.io/api/networking/v1",
			"Comment": "kubernetes-1.11.0",
			"Rev": "072894a440bdee3a891dea811fe42902311cd2a3"
		},
		{
			"ImportPath": "k8s.io/api/policy/v1beta1",
			"Comment": "kubernetes-1.11.0",
			"Rev": "072894a440bdee3a891dea811fe42902311cd2a3"
		},
		{
			"ImportPath": "k8s.io/api/rbac/v1",
			"Comment": "kubernetes-1.11.0",
			"Rev": "072894a440bdee3a891dea811fe42902311cd2a3"
		},
		{
			"ImportPath": "k8s.io/api/rbac/v1alpha1",
			"Comment": "kubernetes-1.11.0",
			"Rev": "072894a440bdee3a891dea811fe42902311cd2a3"
		},
		{
			"ImportPath": "k8s.io/api/rbac/v1beta1",
			"Comment": "kubernetes-1.11.0",
			"Rev": "072894a440bdee3a891dea811fe42902311cd2a3"
		},
		{
			"ImportPath": "k8s.io/api/scheduling/v1alpha1",
			"Comment": "kubernetes-1.11.0",
			"Rev": "072894a440bdee3a891dea811fe42902311cd2a3"
		},
		{
			"ImportPath": "k8s.io/api/scheduling/v1beta1",
			"Comment": "kubernetes-1.11.0",
			"Rev": "072894a440bdee3a891dea811fe42902311cd2a3"
		},
		{
			"ImportPath": "k8s.io/api/settings/v1alpha1",
			"Comment": "kubernetes-1.11.0",
			"Rev": "072894a440bdee3a891dea811fe42902311cd2a3"
		},
		{
			"ImportPath": "k8s.io/api/storage/v1",
			"Comment": "kubernetes-1.11.0",
			"Rev": "072894a440bdee3a891dea811fe42902311cd2a3"
		},
		{
			"ImportPath": "k8s.io/api/storage/v1alpha1",
			"Comment": "kubernetes-1.11.0",
			"Rev": "072894a440bdee3a891dea811fe42902311cd2a3"
		},
		{
			"ImportPath": "k8s.io/api/storage/v1beta1",
			"Comment": "kubernetes-1.11.0",
			"Rev": "072894a440bdee3a891dea811fe42902311cd2a3"
		},
		{
			"ImportPath": "k8s.io/apiextensions-apiserver/pkg/features",
			"Comment": "kubernetes-1.10.0-alpha.3-634-ga5c89ff",
			"Rev": "a5c89ff2aef18eb9de1e8ef5ac81e8be76a8d716"
		},
		{
			"ImportPath": "k8s.io/apimachinery/pkg/api/errors",
			"Comment": "kubernetes-1.11.1-beta.0",
			"Rev": "103fd098999dc9c0c88536f5c9ad2e5da39373ae"
		},
		{
			"ImportPath": "k8s.io/apimachinery/pkg/api/meta",
			"Comment": "kubernetes-1.11.1-beta.0",
			"Rev": "103fd098999dc9c0c88536f5c9ad2e5da39373ae"
		},
		{
			"ImportPath": "k8s.io/apimachinery/pkg/api/resource",
			"Comment": "kubernetes-1.11.1-beta.0",
			"Rev": "103fd098999dc9c0c88536f5c9ad2e5da39373ae"
		},
		{
			"ImportPath": "k8s.io/apimachinery/pkg/apis/meta/internalversion",
			"Comment": "kubernetes-1.11.1-beta.0",
			"Rev": "103fd098999dc9c0c88536f5c9ad2e5da39373ae"
		},
		{
			"ImportPath": "k8s.io/apimachinery/pkg/apis/meta/v1",
			"Comment": "kubernetes-1.11.1-beta.0",
			"Rev": "103fd098999dc9c0c88536f5c9ad2e5da39373ae"
		},
		{
			"ImportPath": "k8s.io/apimachinery/pkg/apis/meta/v1/unstructured",
			"Comment": "kubernetes-1.11.1-beta.0",
			"Rev": "103fd098999dc9c0c88536f5c9ad2e5da39373ae"
		},
		{
			"ImportPath": "k8s.io/apimachinery/pkg/apis/meta/v1beta1",
			"Comment": "kubernetes-1.11.1-beta.0",
			"Rev": "103fd098999dc9c0c88536f5c9ad2e5da39373ae"
		},
		{
			"ImportPath": "k8s.io/apimachinery/pkg/conversion",
			"Comment": "kubernetes-1.11.1-beta.0",
			"Rev": "103fd098999dc9c0c88536f5c9ad2e5da39373ae"
		},
		{
			"ImportPath": "k8s.io/apimachinery/pkg/conversion/queryparams",
			"Comment": "kubernetes-1.11.1-beta.0",
			"Rev": "103fd098999dc9c0c88536f5c9ad2e5da39373ae"
		},
		{
			"ImportPath": "k8s.io/apimachinery/pkg/fields",
			"Comment": "kubernetes-1.11.1-beta.0",
			"Rev": "103fd098999dc9c0c88536f5c9ad2e5da39373ae"
		},
		{
			"ImportPath": "k8s.io/apimachinery/pkg/labels",
			"Comment": "kubernetes-1.11.1-beta.0",
			"Rev": "103fd098999dc9c0c88536f5c9ad2e5da39373ae"
		},
		{
			"ImportPath": "k8s.io/apimachinery/pkg/runtime",
			"Comment": "kubernetes-1.11.1-beta.0",
			"Rev": "103fd098999dc9c0c88536f5c9ad2e5da39373ae"
		},
		{
			"ImportPath": "k8s.io/apimachinery/pkg/runtime/schema",
			"Comment": "kubernetes-1.11.1-beta.0",
			"Rev": "103fd098999dc9c0c88536f5c9ad2e5da39373ae"
		},
		{
			"ImportPath": "k8s.io/apimachinery/pkg/runtime/serializer",
			"Comment": "kubernetes-1.11.1-beta.0",
			"Rev": "103fd098999dc9c0c88536f5c9ad2e5da39373ae"
		},
		{
			"ImportPath": "k8s.io/apimachinery/pkg/runtime/serializer/json",
			"Comment": "kubernetes-1.11.1-beta.0",
			"Rev": "103fd098999dc9c0c88536f5c9ad2e5da39373ae"
		},
		{
			"ImportPath": "k8s.io/apimachinery/pkg/runtime/serializer/protobuf",
			"Comment": "kubernetes-1.11.1-beta.0",
			"Rev": "103fd098999dc9c0c88536f5c9ad2e5da39373ae"
		},
		{
			"ImportPath": "k8s.io/apimachinery/pkg/runtime/serializer/recognizer",
			"Comment": "kubernetes-1.11.1-beta.0",
			"Rev": "103fd098999dc9c0c88536f5c9ad2e5da39373ae"
		},
		{
			"ImportPath": "k8s.io/apimachinery/pkg/runtime/serializer/streaming",
			"Comment": "kubernetes-1.11.1-beta.0",
			"Rev": "103fd098999dc9c0c88536f5c9ad2e5da39373ae"
		},
		{
			"ImportPath": "k8s.io/apimachinery/pkg/runtime/serializer/versioning",
			"Comment": "kubernetes-1.11.1-beta.0",
			"Rev": "103fd098999dc9c0c88536f5c9ad2e5da39373ae"
		},
		{
			"ImportPath": "k8s.io/apimachinery/pkg/selection",
			"Comment": "kubernetes-1.11.1-beta.0",
			"Rev": "103fd098999dc9c0c88536f5c9ad2e5da39373ae"
		},
		{
			"ImportPath": "k8s.io/apimachinery/pkg/types",
			"Comment": "kubernetes-1.11.1-beta.0",
			"Rev": "103fd098999dc9c0c88536f5c9ad2e5da39373ae"
		},
		{
			"ImportPath": "k8s.io/apimachinery/pkg/util/cache",
			"Comment": "kubernetes-1.11.1-beta.0",
			"Rev": "103fd098999dc9c0c88536f5c9ad2e5da39373ae"
		},
		{
			"ImportPath": "k8s.io/apimachinery/pkg/util/clock",
			"Comment": "kubernetes-1.11.1-beta.0",
			"Rev": "103fd098999dc9c0c88536f5c9ad2e5da39373ae"
		},
		{
			"ImportPath": "k8s.io/apimachinery/pkg/util/diff",
			"Comment": "kubernetes-1.11.1-beta.0",
			"Rev": "103fd098999dc9c0c88536f5c9ad2e5da39373ae"
		},
		{
			"ImportPath": "k8s.io/apimachinery/pkg/util/errors",
			"Comment": "kubernetes-1.11.1-beta.0",
			"Rev": "103fd098999dc9c0c88536f5c9ad2e5da39373ae"
		},
		{
			"ImportPath": "k8s.io/apimachinery/pkg/util/framer",
			"Comment": "kubernetes-1.11.1-beta.0",
			"Rev": "103fd098999dc9c0c88536f5c9ad2e5da39373ae"
		},
		{
			"ImportPath": "k8s.io/apimachinery/pkg/util/intstr",
			"Comment": "kubernetes-1.11.1-beta.0",
			"Rev": "103fd098999dc9c0c88536f5c9ad2e5da39373ae"
		},
		{
			"ImportPath": "k8s.io/apimachinery/pkg/util/json",
			"Comment": "kubernetes-1.11.1-beta.0",
			"Rev": "103fd098999dc9c0c88536f5c9ad2e5da39373ae"
		},
		{
			"ImportPath": "k8s.io/apimachinery/pkg/util/mergepatch",
			"Comment": "kubernetes-1.11.1-beta.0",
			"Rev": "103fd098999dc9c0c88536f5c9ad2e5da39373ae"
		},
		{
			"ImportPath": "k8s.io/apimachinery/pkg/util/net",
			"Comment": "kubernetes-1.11.1-beta.0",
			"Rev": "103fd098999dc9c0c88536f5c9ad2e5da39373ae"
		},
		{
			"ImportPath": "k8s.io/apimachinery/pkg/util/runtime",
			"Comment": "kubernetes-1.11.1-beta.0",
			"Rev": "103fd098999dc9c0c88536f5c9ad2e5da39373ae"
		},
		{
			"ImportPath": "k8s.io/apimachinery/pkg/util/sets",
			"Comment": "kubernetes-1.11.1-beta.0",
			"Rev": "103fd098999dc9c0c88536f5c9ad2e5da39373ae"
		},
		{
			"ImportPath": "k8s.io/apimachinery/pkg/util/strategicpatch",
			"Comment": "kubernetes-1.11.1-beta.0",
			"Rev": "103fd098999dc9c0c88536f5c9ad2e5da39373ae"
		},
		{
			"ImportPath": "k8s.io/apimachinery/pkg/util/validation",
			"Comment": "kubernetes-1.11.1-beta.0",
			"Rev": "103fd098999dc9c0c88536f5c9ad2e5da39373ae"
		},
		{
			"ImportPath": "k8s.io/apimachinery/pkg/util/validation/field",
			"Comment": "kubernetes-1.11.1-beta.0",
			"Rev": "103fd098999dc9c0c88536f5c9ad2e5da39373ae"
		},
		{
			"ImportPath": "k8s.io/apimachinery/pkg/util/wait",
			"Comment": "kubernetes-1.11.1-beta.0",
			"Rev": "103fd098999dc9c0c88536f5c9ad2e5da39373ae"
		},
		{
			"ImportPath": "k8s.io/apimachinery/pkg/util/yaml",
			"Comment": "kubernetes-1.11.1-beta.0",
			"Rev": "103fd098999dc9c0c88536f5c9ad2e5da39373ae"
		},
		{
			"ImportPath": "k8s.io/apimachinery/pkg/version",
			"Comment": "kubernetes-1.11.1-beta.0",
			"Rev": "103fd098999dc9c0c88536f5c9ad2e5da39373ae"
		},
		{
			"ImportPath": "k8s.io/apimachinery/pkg/watch",
			"Comment": "kubernetes-1.11.1-beta.0",
			"Rev": "103fd098999dc9c0c88536f5c9ad2e5da39373ae"
		},
		{
			"ImportPath": "k8s.io/apimachinery/third_party/forked/golang/json",
			"Comment": "kubernetes-1.11.1-beta.0",
			"Rev": "103fd098999dc9c0c88536f5c9ad2e5da39373ae"
		},
		{
			"ImportPath": "k8s.io/apimachinery/third_party/forked/golang/reflect",
			"Comment": "kubernetes-1.11.1-beta.0",
			"Rev": "103fd098999dc9c0c88536f5c9ad2e5da39373ae"
		},
		{
			"ImportPath": "k8s.io/apiserver/pkg/features",
			"Comment": "kubernetes-1.10.0-alpha.3-365-g0553b97",
			"Rev": "0553b9748924ffb5737340cb0afa6f0de2b12c42"
		},
		{
			"ImportPath": "k8s.io/apiserver/pkg/util/feature",
			"Comment": "kubernetes-1.10.0-alpha.3-365-g0553b97",
			"Rev": "0553b9748924ffb5737340cb0afa6f0de2b12c42"
		},
		{
			"ImportPath": "k8s.io/client-go/discovery",
			"Comment": "v8.0.0",
			"Rev": "7d04d0e2a0a1a4d4a1cd6baa432a2301492e4e65"
		},
		{
			"ImportPath": "k8s.io/client-go/discovery/fake",
			"Comment": "v8.0.0",
			"Rev": "7d04d0e2a0a1a4d4a1cd6baa432a2301492e4e65"
		},
		{
			"ImportPath": "k8s.io/client-go/informers",
			"Comment": "v8.0.0",
			"Rev": "7d04d0e2a0a1a4d4a1cd6baa432a2301492e4e65"
		},
		{
			"ImportPath": "k8s.io/client-go/informers/admissionregistration",
			"Comment": "v8.0.0",
			"Rev": "7d04d0e2a0a1a4d4a1cd6baa432a2301492e4e65"
		},
		{
			"ImportPath": "k8s.io/client-go/informers/admissionregistration/v1alpha1",
			"Comment": "v8.0.0",
			"Rev": "7d04d0e2a0a1a4d4a1cd6baa432a2301492e4e65"
		},
		{
			"ImportPath": "k8s.io/client-go/informers/admissionregistration/v1beta1",
			"Comment": "v8.0.0",
			"Rev": "7d04d0e2a0a1a4d4a1cd6baa432a2301492e4e65"
		},
		{
			"ImportPath": "k8s.io/client-go/informers/apps",
			"Comment": "v8.0.0",
			"Rev": "7d04d0e2a0a1a4d4a1cd6baa432a2301492e4e65"
		},
		{
			"ImportPath": "k8s.io/client-go/informers/apps/v1",
			"Comment": "v8.0.0",
			"Rev": "7d04d0e2a0a1a4d4a1cd6baa432a2301492e4e65"
		},
		{
			"ImportPath": "k8s.io/client-go/informers/apps/v1beta1",
			"Comment": "v8.0.0",
			"Rev": "7d04d0e2a0a1a4d4a1cd6baa432a2301492e4e65"
		},
		{
			"ImportPath": "k8s.io/client-go/informers/apps/v1beta2",
			"Comment": "v8.0.0",
			"Rev": "7d04d0e2a0a1a4d4a1cd6baa432a2301492e4e65"
		},
		{
			"ImportPath": "k8s.io/client-go/informers/autoscaling",
			"Comment": "v8.0.0",
			"Rev": "7d04d0e2a0a1a4d4a1cd6baa432a2301492e4e65"
		},
		{
			"ImportPath": "k8s.io/client-go/informers/autoscaling/v1",
			"Comment": "v8.0.0",
			"Rev": "7d04d0e2a0a1a4d4a1cd6baa432a2301492e4e65"
		},
		{
			"ImportPath": "k8s.io/client-go/informers/autoscaling/v2beta1",
			"Comment": "v8.0.0",
			"Rev": "7d04d0e2a0a1a4d4a1cd6baa432a2301492e4e65"
		},
		{
			"ImportPath": "k8s.io/client-go/informers/batch",
			"Comment": "v8.0.0",
			"Rev": "7d04d0e2a0a1a4d4a1cd6baa432a2301492e4e65"
		},
		{
			"ImportPath": "k8s.io/client-go/informers/batch/v1",
			"Comment": "v8.0.0",
			"Rev": "7d04d0e2a0a1a4d4a1cd6baa432a2301492e4e65"
		},
		{
			"ImportPath": "k8s.io/client-go/informers/batch/v1beta1",
			"Comment": "v8.0.0",
			"Rev": "7d04d0e2a0a1a4d4a1cd6baa432a2301492e4e65"
		},
		{
			"ImportPath": "k8s.io/client-go/informers/batch/v2alpha1",
			"Comment": "v8.0.0",
			"Rev": "7d04d0e2a0a1a4d4a1cd6baa432a2301492e4e65"
		},
		{
			"ImportPath": "k8s.io/client-go/informers/certificates",
			"Comment": "v8.0.0",
			"Rev": "7d04d0e2a0a1a4d4a1cd6baa432a2301492e4e65"
		},
		{
			"ImportPath": "k8s.io/client-go/informers/certificates/v1beta1",
			"Comment": "v8.0.0",
			"Rev": "7d04d0e2a0a1a4d4a1cd6baa432a2301492e4e65"
		},
		{
			"ImportPath": "k8s.io/client-go/informers/core",
			"Comment": "v8.0.0",
			"Rev": "7d04d0e2a0a1a4d4a1cd6baa432a2301492e4e65"
		},
		{
			"ImportPath": "k8s.io/client-go/informers/core/v1",
			"Comment": "v8.0.0",
			"Rev": "7d04d0e2a0a1a4d4a1cd6baa432a2301492e4e65"
		},
		{
			"ImportPath": "k8s.io/client-go/informers/events",
			"Comment": "v8.0.0",
			"Rev": "7d04d0e2a0a1a4d4a1cd6baa432a2301492e4e65"
		},
		{
			"ImportPath": "k8s.io/client-go/informers/events/v1beta1",
			"Comment": "v8.0.0",
			"Rev": "7d04d0e2a0a1a4d4a1cd6baa432a2301492e4e65"
		},
		{
			"ImportPath": "k8s.io/client-go/informers/extensions",
			"Comment": "v8.0.0",
			"Rev": "7d04d0e2a0a1a4d4a1cd6baa432a2301492e4e65"
		},
		{
			"ImportPath": "k8s.io/client-go/informers/extensions/v1beta1",
			"Comment": "v8.0.0",
			"Rev": "7d04d0e2a0a1a4d4a1cd6baa432a2301492e4e65"
		},
		{
			"ImportPath": "k8s.io/client-go/informers/internalinterfaces",
			"Comment": "v8.0.0",
			"Rev": "7d04d0e2a0a1a4d4a1cd6baa432a2301492e4e65"
		},
		{
			"ImportPath": "k8s.io/client-go/informers/networking",
			"Comment": "v8.0.0",
			"Rev": "7d04d0e2a0a1a4d4a1cd6baa432a2301492e4e65"
		},
		{
			"ImportPath": "k8s.io/client-go/informers/networking/v1",
			"Comment": "v8.0.0",
			"Rev": "7d04d0e2a0a1a4d4a1cd6baa432a2301492e4e65"
		},
		{
			"ImportPath": "k8s.io/client-go/informers/policy",
			"Comment": "v8.0.0",
			"Rev": "7d04d0e2a0a1a4d4a1cd6baa432a2301492e4e65"
		},
		{
			"ImportPath": "k8s.io/client-go/informers/policy/v1beta1",
			"Comment": "v8.0.0",
			"Rev": "7d04d0e2a0a1a4d4a1cd6baa432a2301492e4e65"
		},
		{
			"ImportPath": "k8s.io/client-go/informers/rbac",
			"Comment": "v8.0.0",
			"Rev": "7d04d0e2a0a1a4d4a1cd6baa432a2301492e4e65"
		},
		{
			"ImportPath": "k8s.io/client-go/informers/rbac/v1",
			"Comment": "v8.0.0",
			"Rev": "7d04d0e2a0a1a4d4a1cd6baa432a2301492e4e65"
		},
		{
			"ImportPath": "k8s.io/client-go/informers/rbac/v1alpha1",
			"Comment": "v8.0.0",
			"Rev": "7d04d0e2a0a1a4d4a1cd6baa432a2301492e4e65"
		},
		{
			"ImportPath": "k8s.io/client-go/informers/rbac/v1beta1",
			"Comment": "v8.0.0",
			"Rev": "7d04d0e2a0a1a4d4a1cd6baa432a2301492e4e65"
		},
		{
			"ImportPath": "k8s.io/client-go/informers/scheduling",
			"Comment": "v8.0.0",
			"Rev": "7d04d0e2a0a1a4d4a1cd6baa432a2301492e4e65"
		},
		{
			"ImportPath": "k8s.io/client-go/informers/scheduling/v1alpha1",
			"Comment": "v8.0.0",
			"Rev": "7d04d0e2a0a1a4d4a1cd6baa432a2301492e4e65"
		},
		{
			"ImportPath": "k8s.io/client-go/informers/scheduling/v1beta1",
			"Comment": "v8.0.0",
			"Rev": "7d04d0e2a0a1a4d4a1cd6baa432a2301492e4e65"
		},
		{
			"ImportPath": "k8s.io/client-go/informers/settings",
			"Comment": "v8.0.0",
			"Rev": "7d04d0e2a0a1a4d4a1cd6baa432a2301492e4e65"
		},
		{
			"ImportPath": "k8s.io/client-go/informers/settings/v1alpha1",
			"Comment": "v8.0.0",
			"Rev": "7d04d0e2a0a1a4d4a1cd6baa432a2301492e4e65"
		},
		{
			"ImportPath": "k8s.io/client-go/informers/storage",
			"Comment": "v8.0.0",
			"Rev": "7d04d0e2a0a1a4d4a1cd6baa432a2301492e4e65"
		},
		{
			"ImportPath": "k8s.io/client-go/informers/storage/v1",
			"Comment": "v8.0.0",
			"Rev": "7d04d0e2a0a1a4d4a1cd6baa432a2301492e4e65"
		},
		{
			"ImportPath": "k8s.io/client-go/informers/storage/v1alpha1",
			"Comment": "v8.0.0",
			"Rev": "7d04d0e2a0a1a4d4a1cd6baa432a2301492e4e65"
		},
		{
			"ImportPath": "k8s.io/client-go/informers/storage/v1beta1",
			"Comment": "v8.0.0",
			"Rev": "7d04d0e2a0a1a4d4a1cd6baa432a2301492e4e65"
		},
		{
			"ImportPath": "k8s.io/client-go/kubernetes",
			"Comment": "v8.0.0",
			"Rev": "7d04d0e2a0a1a4d4a1cd6baa432a2301492e4e65"
		},
		{
			"ImportPath": "k8s.io/client-go/kubernetes/fake",
			"Comment": "v8.0.0",
			"Rev": "7d04d0e2a0a1a4d4a1cd6baa432a2301492e4e65"
		},
		{
			"ImportPath": "k8s.io/client-go/kubernetes/scheme",
			"Comment": "v8.0.0",
			"Rev": "7d04d0e2a0a1a4d4a1cd6baa432a2301492e4e65"
		},
		{
			"ImportPath": "k8s.io/client-go/kubernetes/typed/admissionregistration/v1alpha1",
			"Comment": "v8.0.0",
			"Rev": "7d04d0e2a0a1a4d4a1cd6baa432a2301492e4e65"
		},
		{
			"ImportPath": "k8s.io/client-go/kubernetes/typed/admissionregistration/v1alpha1/fake",
			"Comment": "v8.0.0",
			"Rev": "7d04d0e2a0a1a4d4a1cd6baa432a2301492e4e65"
		},
		{
			"ImportPath": "k8s.io/client-go/kubernetes/typed/admissionregistration/v1beta1",
			"Comment": "v8.0.0",
			"Rev": "7d04d0e2a0a1a4d4a1cd6baa432a2301492e4e65"
		},
		{
			"ImportPath": "k8s.io/client-go/kubernetes/typed/admissionregistration/v1beta1/fake",
			"Comment": "v8.0.0",
			"Rev": "7d04d0e2a0a1a4d4a1cd6baa432a2301492e4e65"
		},
		{
			"ImportPath": "k8s.io/client-go/kubernetes/typed/apps/v1",
			"Comment": "v8.0.0",
			"Rev": "7d04d0e2a0a1a4d4a1cd6baa432a2301492e4e65"
		},
		{
			"ImportPath": "k8s.io/client-go/kubernetes/typed/apps/v1/fake",
			"Comment": "v8.0.0",
			"Rev": "7d04d0e2a0a1a4d4a1cd6baa432a2301492e4e65"
		},
		{
			"ImportPath": "k8s.io/client-go/kubernetes/typed/apps/v1beta1",
			"Comment": "v8.0.0",
			"Rev": "7d04d0e2a0a1a4d4a1cd6baa432a2301492e4e65"
		},
		{
			"ImportPath": "k8s.io/client-go/kubernetes/typed/apps/v1beta1/fake",
			"Comment": "v8.0.0",
			"Rev": "7d04d0e2a0a1a4d4a1cd6baa432a2301492e4e65"
		},
		{
			"ImportPath": "k8s.io/client-go/kubernetes/typed/apps/v1beta2",
			"Comment": "v8.0.0",
			"Rev": "7d04d0e2a0a1a4d4a1cd6baa432a2301492e4e65"
		},
		{
			"ImportPath": "k8s.io/client-go/kubernetes/typed/apps/v1beta2/fake",
			"Comment": "v8.0.0",
			"Rev": "7d04d0e2a0a1a4d4a1cd6baa432a2301492e4e65"
		},
		{
			"ImportPath": "k8s.io/client-go/kubernetes/typed/authentication/v1",
			"Comment": "v8.0.0",
			"Rev": "7d04d0e2a0a1a4d4a1cd6baa432a2301492e4e65"
		},
		{
			"ImportPath": "k8s.io/client-go/kubernetes/typed/authentication/v1/fake",
			"Comment": "v8.0.0",
			"Rev": "7d04d0e2a0a1a4d4a1cd6baa432a2301492e4e65"
		},
		{
			"ImportPath": "k8s.io/client-go/kubernetes/typed/authentication/v1beta1",
			"Comment": "v8.0.0",
			"Rev": "7d04d0e2a0a1a4d4a1cd6baa432a2301492e4e65"
		},
		{
			"ImportPath": "k8s.io/client-go/kubernetes/typed/authentication/v1beta1/fake",
			"Comment": "v8.0.0",
			"Rev": "7d04d0e2a0a1a4d4a1cd6baa432a2301492e4e65"
		},
		{
			"ImportPath": "k8s.io/client-go/kubernetes/typed/authorization/v1",
			"Comment": "v8.0.0",
			"Rev": "7d04d0e2a0a1a4d4a1cd6baa432a2301492e4e65"
		},
		{
			"ImportPath": "k8s.io/client-go/kubernetes/typed/authorization/v1/fake",
			"Comment": "v8.0.0",
			"Rev": "7d04d0e2a0a1a4d4a1cd6baa432a2301492e4e65"
		},
		{
			"ImportPath": "k8s.io/client-go/kubernetes/typed/authorization/v1beta1",
			"Comment": "v8.0.0",
			"Rev": "7d04d0e2a0a1a4d4a1cd6baa432a2301492e4e65"
		},
		{
			"ImportPath": "k8s.io/client-go/kubernetes/typed/authorization/v1beta1/fake",
			"Comment": "v8.0.0",
			"Rev": "7d04d0e2a0a1a4d4a1cd6baa432a2301492e4e65"
		},
		{
			"ImportPath": "k8s.io/client-go/kubernetes/typed/autoscaling/v1",
			"Comment": "v8.0.0",
			"Rev": "7d04d0e2a0a1a4d4a1cd6baa432a2301492e4e65"
		},
		{
			"ImportPath": "k8s.io/client-go/kubernetes/typed/autoscaling/v1/fake",
			"Comment": "v8.0.0",
			"Rev": "7d04d0e2a0a1a4d4a1cd6baa432a2301492e4e65"
		},
		{
			"ImportPath": "k8s.io/client-go/kubernetes/typed/autoscaling/v2beta1",
			"Comment": "v8.0.0",
			"Rev": "7d04d0e2a0a1a4d4a1cd6baa432a2301492e4e65"
		},
		{
			"ImportPath": "k8s.io/client-go/kubernetes/typed/autoscaling/v2beta1/fake",
			"Comment": "v8.0.0",
			"Rev": "7d04d0e2a0a1a4d4a1cd6baa432a2301492e4e65"
		},
		{
			"ImportPath": "k8s.io/client-go/kubernetes/typed/batch/v1",
			"Comment": "v8.0.0",
			"Rev": "7d04d0e2a0a1a4d4a1cd6baa432a2301492e4e65"
		},
		{
			"ImportPath": "k8s.io/client-go/kubernetes/typed/batch/v1/fake",
			"Comment": "v8.0.0",
			"Rev": "7d04d0e2a0a1a4d4a1cd6baa432a2301492e4e65"
		},
		{
			"ImportPath": "k8s.io/client-go/kubernetes/typed/batch/v1beta1",
			"Comment": "v8.0.0",
			"Rev": "7d04d0e2a0a1a4d4a1cd6baa432a2301492e4e65"
		},
		{
			"ImportPath": "k8s.io/client-go/kubernetes/typed/batch/v1beta1/fake",
			"Comment": "v8.0.0",
			"Rev": "7d04d0e2a0a1a4d4a1cd6baa432a2301492e4e65"
		},
		{
			"ImportPath": "k8s.io/client-go/kubernetes/typed/batch/v2alpha1",
			"Comment": "v8.0.0",
			"Rev": "7d04d0e2a0a1a4d4a1cd6baa432a2301492e4e65"
		},
		{
			"ImportPath": "k8s.io/client-go/kubernetes/typed/batch/v2alpha1/fake",
			"Comment": "v8.0.0",
			"Rev": "7d04d0e2a0a1a4d4a1cd6baa432a2301492e4e65"
		},
		{
			"ImportPath": "k8s.io/client-go/kubernetes/typed/certificates/v1beta1",
			"Comment": "v8.0.0",
			"Rev": "7d04d0e2a0a1a4d4a1cd6baa432a2301492e4e65"
		},
		{
			"ImportPath": "k8s.io/client-go/kubernetes/typed/certificates/v1beta1/fake",
			"Comment": "v8.0.0",
			"Rev": "7d04d0e2a0a1a4d4a1cd6baa432a2301492e4e65"
		},
		{
			"ImportPath": "k8s.io/client-go/kubernetes/typed/core/v1",
			"Comment": "v8.0.0",
			"Rev": "7d04d0e2a0a1a4d4a1cd6baa432a2301492e4e65"
		},
		{
			"ImportPath": "k8s.io/client-go/kubernetes/typed/core/v1/fake",
			"Comment": "v8.0.0",
			"Rev": "7d04d0e2a0a1a4d4a1cd6baa432a2301492e4e65"
		},
		{
			"ImportPath": "k8s.io/client-go/kubernetes/typed/events/v1beta1",
			"Comment": "v8.0.0",
			"Rev": "7d04d0e2a0a1a4d4a1cd6baa432a2301492e4e65"
		},
		{
			"ImportPath": "k8s.io/client-go/kubernetes/typed/events/v1beta1/fake",
			"Comment": "v8.0.0",
			"Rev": "7d04d0e2a0a1a4d4a1cd6baa432a2301492e4e65"
		},
		{
			"ImportPath": "k8s.io/client-go/kubernetes/typed/extensions/v1beta1",
			"Comment": "v8.0.0",
			"Rev": "7d04d0e2a0a1a4d4a1cd6baa432a2301492e4e65"
		},
		{
			"ImportPath": "k8s.io/client-go/kubernetes/typed/extensions/v1beta1/fake",
			"Comment": "v8.0.0",
			"Rev": "7d04d0e2a0a1a4d4a1cd6baa432a2301492e4e65"
		},
		{
			"ImportPath": "k8s.io/client-go/kubernetes/typed/networking/v1",
			"Comment": "v8.0.0",
			"Rev": "7d04d0e2a0a1a4d4a1cd6baa432a2301492e4e65"
		},
		{
			"ImportPath": "k8s.io/client-go/kubernetes/typed/networking/v1/fake",
			"Comment": "v8.0.0",
			"Rev": "7d04d0e2a0a1a4d4a1cd6baa432a2301492e4e65"
		},
		{
			"ImportPath": "k8s.io/client-go/kubernetes/typed/policy/v1beta1",
			"Comment": "v8.0.0",
			"Rev": "7d04d0e2a0a1a4d4a1cd6baa432a2301492e4e65"
		},
		{
			"ImportPath": "k8s.io/client-go/kubernetes/typed/policy/v1beta1/fake",
			"Comment": "v8.0.0",
			"Rev": "7d04d0e2a0a1a4d4a1cd6baa432a2301492e4e65"
		},
		{
			"ImportPath": "k8s.io/client-go/kubernetes/typed/rbac/v1",
			"Comment": "v8.0.0",
			"Rev": "7d04d0e2a0a1a4d4a1cd6baa432a2301492e4e65"
		},
		{
			"ImportPath": "k8s.io/client-go/kubernetes/typed/rbac/v1/fake",
			"Comment": "v8.0.0",
			"Rev": "7d04d0e2a0a1a4d4a1cd6baa432a2301492e4e65"
		},
		{
			"ImportPath": "k8s.io/client-go/kubernetes/typed/rbac/v1alpha1",
			"Comment": "v8.0.0",
			"Rev": "7d04d0e2a0a1a4d4a1cd6baa432a2301492e4e65"
		},
		{
			"ImportPath": "k8s.io/client-go/kubernetes/typed/rbac/v1alpha1/fake",
			"Comment": "v8.0.0",
			"Rev": "7d04d0e2a0a1a4d4a1cd6baa432a2301492e4e65"
		},
		{
			"ImportPath": "k8s.io/client-go/kubernetes/typed/rbac/v1beta1",
			"Comment": "v8.0.0",
			"Rev": "7d04d0e2a0a1a4d4a1cd6baa432a2301492e4e65"
		},
		{
			"ImportPath": "k8s.io/client-go/kubernetes/typed/rbac/v1beta1/fake",
			"Comment": "v8.0.0",
			"Rev": "7d04d0e2a0a1a4d4a1cd6baa432a2301492e4e65"
		},
		{
			"ImportPath": "k8s.io/client-go/kubernetes/typed/scheduling/v1alpha1",
			"Comment": "v8.0.0",
			"Rev": "7d04d0e2a0a1a4d4a1cd6baa432a2301492e4e65"
		},
		{
			"ImportPath": "k8s.io/client-go/kubernetes/typed/scheduling/v1alpha1/fake",
			"Comment": "v8.0.0",
			"Rev": "7d04d0e2a0a1a4d4a1cd6baa432a2301492e4e65"
		},
		{
			"ImportPath": "k8s.io/client-go/kubernetes/typed/scheduling/v1beta1",
			"Comment": "v8.0.0",
			"Rev": "7d04d0e2a0a1a4d4a1cd6baa432a2301492e4e65"
		},
		{
			"ImportPath": "k8s.io/client-go/kubernetes/typed/scheduling/v1beta1/fake",
			"Comment": "v8.0.0",
			"Rev": "7d04d0e2a0a1a4d4a1cd6baa432a2301492e4e65"
		},
		{
			"ImportPath": "k8s.io/client-go/kubernetes/typed/settings/v1alpha1",
			"Comment": "v8.0.0",
			"Rev": "7d04d0e2a0a1a4d4a1cd6baa432a2301492e4e65"
		},
		{
			"ImportPath": "k8s.io/client-go/kubernetes/typed/settings/v1alpha1/fake",
			"Comment": "v8.0.0",
			"Rev": "7d04d0e2a0a1a4d4a1cd6baa432a2301492e4e65"
		},
		{
			"ImportPath": "k8s.io/client-go/kubernetes/typed/storage/v1",
			"Comment": "v8.0.0",
			"Rev": "7d04d0e2a0a1a4d4a1cd6baa432a2301492e4e65"
		},
		{
			"ImportPath": "k8s.io/client-go/kubernetes/typed/storage/v1/fake",
			"Comment": "v8.0.0",
			"Rev": "7d04d0e2a0a1a4d4a1cd6baa432a2301492e4e65"
		},
		{
			"ImportPath": "k8s.io/client-go/kubernetes/typed/storage/v1alpha1",
			"Comment": "v8.0.0",
			"Rev": "7d04d0e2a0a1a4d4a1cd6baa432a2301492e4e65"
		},
		{
			"ImportPath": "k8s.io/client-go/kubernetes/typed/storage/v1alpha1/fake",
			"Comment": "v8.0.0",
			"Rev": "7d04d0e2a0a1a4d4a1cd6baa432a2301492e4e65"
		},
		{
			"ImportPath": "k8s.io/client-go/kubernetes/typed/storage/v1beta1",
			"Comment": "v8.0.0",
			"Rev": "7d04d0e2a0a1a4d4a1cd6baa432a2301492e4e65"
		},
		{
			"ImportPath": "k8s.io/client-go/kubernetes/typed/storage/v1beta1/fake",
			"Comment": "v8.0.0",
			"Rev": "7d04d0e2a0a1a4d4a1cd6baa432a2301492e4e65"
		},
		{
			"ImportPath": "k8s.io/client-go/listers/admissionregistration/v1alpha1",
			"Comment": "v8.0.0",
			"Rev": "7d04d0e2a0a1a4d4a1cd6baa432a2301492e4e65"
		},
		{
			"ImportPath": "k8s.io/client-go/listers/admissionregistration/v1beta1",
			"Comment": "v8.0.0",
			"Rev": "7d04d0e2a0a1a4d4a1cd6baa432a2301492e4e65"
		},
		{
			"ImportPath": "k8s.io/client-go/listers/apps/v1",
			"Comment": "v8.0.0",
			"Rev": "7d04d0e2a0a1a4d4a1cd6baa432a2301492e4e65"
		},
		{
			"ImportPath": "k8s.io/client-go/listers/apps/v1beta1",
			"Comment": "v8.0.0",
			"Rev": "7d04d0e2a0a1a4d4a1cd6baa432a2301492e4e65"
		},
		{
			"ImportPath": "k8s.io/client-go/listers/apps/v1beta2",
			"Comment": "v8.0.0",
			"Rev": "7d04d0e2a0a1a4d4a1cd6baa432a2301492e4e65"
		},
		{
			"ImportPath": "k8s.io/client-go/listers/autoscaling/v1",
			"Comment": "v8.0.0",
			"Rev": "7d04d0e2a0a1a4d4a1cd6baa432a2301492e4e65"
		},
		{
			"ImportPath": "k8s.io/client-go/listers/autoscaling/v2beta1",
			"Comment": "v8.0.0",
			"Rev": "7d04d0e2a0a1a4d4a1cd6baa432a2301492e4e65"
		},
		{
			"ImportPath": "k8s.io/client-go/listers/batch/v1",
			"Comment": "v8.0.0",
			"Rev": "7d04d0e2a0a1a4d4a1cd6baa432a2301492e4e65"
		},
		{
			"ImportPath": "k8s.io/client-go/listers/batch/v1beta1",
			"Comment": "v8.0.0",
			"Rev": "7d04d0e2a0a1a4d4a1cd6baa432a2301492e4e65"
		},
		{
			"ImportPath": "k8s.io/client-go/listers/batch/v2alpha1",
			"Comment": "v8.0.0",
			"Rev": "7d04d0e2a0a1a4d4a1cd6baa432a2301492e4e65"
		},
		{
			"ImportPath": "k8s.io/client-go/listers/certificates/v1beta1",
			"Comment": "v8.0.0",
			"Rev": "7d04d0e2a0a1a4d4a1cd6baa432a2301492e4e65"
		},
		{
			"ImportPath": "k8s.io/client-go/listers/core/v1",
			"Comment": "v8.0.0",
			"Rev": "7d04d0e2a0a1a4d4a1cd6baa432a2301492e4e65"
		},
		{
			"ImportPath": "k8s.io/client-go/listers/events/v1beta1",
			"Comment": "v8.0.0",
			"Rev": "7d04d0e2a0a1a4d4a1cd6baa432a2301492e4e65"
		},
		{
			"ImportPath": "k8s.io/client-go/listers/extensions/v1beta1",
			"Comment": "v8.0.0",
			"Rev": "7d04d0e2a0a1a4d4a1cd6baa432a2301492e4e65"
		},
		{
			"ImportPath": "k8s.io/client-go/listers/networking/v1",
			"Comment": "v8.0.0",
			"Rev": "7d04d0e2a0a1a4d4a1cd6baa432a2301492e4e65"
		},
		{
			"ImportPath": "k8s.io/client-go/listers/policy/v1beta1",
			"Comment": "v8.0.0",
			"Rev": "7d04d0e2a0a1a4d4a1cd6baa432a2301492e4e65"
		},
		{
			"ImportPath": "k8s.io/client-go/listers/rbac/v1",
			"Comment": "v8.0.0",
			"Rev": "7d04d0e2a0a1a4d4a1cd6baa432a2301492e4e65"
		},
		{
			"ImportPath": "k8s.io/client-go/listers/rbac/v1alpha1",
			"Comment": "v8.0.0",
			"Rev": "7d04d0e2a0a1a4d4a1cd6baa432a2301492e4e65"
		},
		{
			"ImportPath": "k8s.io/client-go/listers/rbac/v1beta1",
			"Comment": "v8.0.0",
			"Rev": "7d04d0e2a0a1a4d4a1cd6baa432a2301492e4e65"
		},
		{
			"ImportPath": "k8s.io/client-go/listers/scheduling/v1alpha1",
			"Comment": "v8.0.0",
			"Rev": "7d04d0e2a0a1a4d4a1cd6baa432a2301492e4e65"
		},
		{
			"ImportPath": "k8s.io/client-go/listers/scheduling/v1beta1",
			"Comment": "v8.0.0",
			"Rev": "7d04d0e2a0a1a4d4a1cd6baa432a2301492e4e65"
		},
		{
			"ImportPath": "k8s.io/client-go/listers/settings/v1alpha1",
			"Comment": "v8.0.0",
			"Rev": "7d04d0e2a0a1a4d4a1cd6baa432a2301492e4e65"
		},
		{
			"ImportPath": "k8s.io/client-go/listers/storage/v1",
			"Comment": "v8.0.0",
			"Rev": "7d04d0e2a0a1a4d4a1cd6baa432a2301492e4e65"
		},
		{
			"ImportPath": "k8s.io/client-go/listers/storage/v1alpha1",
			"Comment": "v8.0.0",
			"Rev": "7d04d0e2a0a1a4d4a1cd6baa432a2301492e4e65"
		},
		{
			"ImportPath": "k8s.io/client-go/listers/storage/v1beta1",
			"Comment": "v8.0.0",
			"Rev": "7d04d0e2a0a1a4d4a1cd6baa432a2301492e4e65"
		},
		{
			"ImportPath": "k8s.io/client-go/pkg/apis/clientauthentication",
			"Comment": "v8.0.0",
			"Rev": "7d04d0e2a0a1a4d4a1cd6baa432a2301492e4e65"
		},
		{
			"ImportPath": "k8s.io/client-go/pkg/apis/clientauthentication/v1alpha1",
			"Comment": "v8.0.0",
			"Rev": "7d04d0e2a0a1a4d4a1cd6baa432a2301492e4e65"
		},
		{
			"ImportPath": "k8s.io/client-go/pkg/apis/clientauthentication/v1beta1",
			"Comment": "v8.0.0",
			"Rev": "7d04d0e2a0a1a4d4a1cd6baa432a2301492e4e65"
		},
		{
			"ImportPath": "k8s.io/client-go/pkg/version",
			"Comment": "v8.0.0",
			"Rev": "7d04d0e2a0a1a4d4a1cd6baa432a2301492e4e65"
		},
		{
			"ImportPath": "k8s.io/client-go/plugin/pkg/client/auth",
			"Comment": "v8.0.0",
			"Rev": "7d04d0e2a0a1a4d4a1cd6baa432a2301492e4e65"
		},
		{
			"ImportPath": "k8s.io/client-go/plugin/pkg/client/auth/azure",
			"Comment": "v8.0.0",
			"Rev": "7d04d0e2a0a1a4d4a1cd6baa432a2301492e4e65"
		},
		{
			"ImportPath": "k8s.io/client-go/plugin/pkg/client/auth/exec",
			"Comment": "v8.0.0",
			"Rev": "7d04d0e2a0a1a4d4a1cd6baa432a2301492e4e65"
		},
		{
			"ImportPath": "k8s.io/client-go/plugin/pkg/client/auth/gcp",
			"Comment": "v8.0.0",
			"Rev": "7d04d0e2a0a1a4d4a1cd6baa432a2301492e4e65"
		},
		{
			"ImportPath": "k8s.io/client-go/plugin/pkg/client/auth/oidc",
			"Comment": "v8.0.0",
			"Rev": "7d04d0e2a0a1a4d4a1cd6baa432a2301492e4e65"
		},
		{
			"ImportPath": "k8s.io/client-go/plugin/pkg/client/auth/openstack",
			"Comment": "v8.0.0",
			"Rev": "7d04d0e2a0a1a4d4a1cd6baa432a2301492e4e65"
		},
		{
			"ImportPath": "k8s.io/client-go/rest",
			"Comment": "v8.0.0",
			"Rev": "7d04d0e2a0a1a4d4a1cd6baa432a2301492e4e65"
		},
		{
			"ImportPath": "k8s.io/client-go/rest/watch",
			"Comment": "v8.0.0",
			"Rev": "7d04d0e2a0a1a4d4a1cd6baa432a2301492e4e65"
		},
		{
			"ImportPath": "k8s.io/client-go/testing",
			"Comment": "v8.0.0",
			"Rev": "7d04d0e2a0a1a4d4a1cd6baa432a2301492e4e65"
		},
		{
			"ImportPath": "k8s.io/client-go/third_party/forked/golang/template",
			"Comment": "v8.0.0",
			"Rev": "7d04d0e2a0a1a4d4a1cd6baa432a2301492e4e65"
		},
		{
			"ImportPath": "k8s.io/client-go/tools/auth",
			"Comment": "v8.0.0",
			"Rev": "7d04d0e2a0a1a4d4a1cd6baa432a2301492e4e65"
		},
		{
			"ImportPath": "k8s.io/client-go/tools/cache",
			"Comment": "v8.0.0",
			"Rev": "7d04d0e2a0a1a4d4a1cd6baa432a2301492e4e65"
		},
		{
			"ImportPath": "k8s.io/client-go/tools/clientcmd",
			"Comment": "v8.0.0",
			"Rev": "7d04d0e2a0a1a4d4a1cd6baa432a2301492e4e65"
		},
		{
			"ImportPath": "k8s.io/client-go/tools/clientcmd/api",
			"Comment": "v8.0.0",
			"Rev": "7d04d0e2a0a1a4d4a1cd6baa432a2301492e4e65"
		},
		{
			"ImportPath": "k8s.io/client-go/tools/clientcmd/api/latest",
			"Comment": "v8.0.0",
			"Rev": "7d04d0e2a0a1a4d4a1cd6baa432a2301492e4e65"
		},
		{
			"ImportPath": "k8s.io/client-go/tools/clientcmd/api/v1",
			"Comment": "v8.0.0",
			"Rev": "7d04d0e2a0a1a4d4a1cd6baa432a2301492e4e65"
		},
		{
			"ImportPath": "k8s.io/client-go/tools/metrics",
			"Comment": "v8.0.0",
			"Rev": "7d04d0e2a0a1a4d4a1cd6baa432a2301492e4e65"
		},
		{
			"ImportPath": "k8s.io/client-go/tools/pager",
			"Comment": "v8.0.0",
			"Rev": "7d04d0e2a0a1a4d4a1cd6baa432a2301492e4e65"
		},
		{
			"ImportPath": "k8s.io/client-go/tools/reference",
			"Comment": "v8.0.0",
			"Rev": "7d04d0e2a0a1a4d4a1cd6baa432a2301492e4e65"
		},
		{
			"ImportPath": "k8s.io/client-go/transport",
			"Comment": "v8.0.0",
			"Rev": "7d04d0e2a0a1a4d4a1cd6baa432a2301492e4e65"
		},
		{
			"ImportPath": "k8s.io/client-go/util/buffer",
			"Comment": "v8.0.0",
			"Rev": "7d04d0e2a0a1a4d4a1cd6baa432a2301492e4e65"
		},
		{
			"ImportPath": "k8s.io/client-go/util/cert",
			"Comment": "v8.0.0",
			"Rev": "7d04d0e2a0a1a4d4a1cd6baa432a2301492e4e65"
		},
		{
			"ImportPath": "k8s.io/client-go/util/connrotation",
			"Comment": "v8.0.0",
			"Rev": "7d04d0e2a0a1a4d4a1cd6baa432a2301492e4e65"
		},
		{
			"ImportPath": "k8s.io/client-go/util/flowcontrol",
			"Comment": "v8.0.0",
			"Rev": "7d04d0e2a0a1a4d4a1cd6baa432a2301492e4e65"
		},
		{
			"ImportPath": "k8s.io/client-go/util/homedir",
			"Comment": "v8.0.0",
			"Rev": "7d04d0e2a0a1a4d4a1cd6baa432a2301492e4e65"
		},
		{
			"ImportPath": "k8s.io/client-go/util/integer",
			"Comment": "v8.0.0",
			"Rev": "7d04d0e2a0a1a4d4a1cd6baa432a2301492e4e65"
		},
		{
			"ImportPath": "k8s.io/client-go/util/jsonpath",
			"Comment": "v8.0.0",
			"Rev": "7d04d0e2a0a1a4d4a1cd6baa432a2301492e4e65"
		},
		{
			"ImportPath": "k8s.io/client-go/util/retry",
			"Comment": "v8.0.0",
			"Rev": "7d04d0e2a0a1a4d4a1cd6baa432a2301492e4e65"
		},
		{
			"ImportPath": "k8s.io/kube-openapi/pkg/util/proto",
			"Rev": "91cfa479c814065e420cee7ed227db0f63a5854e"
		},
		{
			"ImportPath": "k8s.io/kubernetes/pkg/apis/core",
			"Comment": "v1.11.0",
			"Rev": "91e7b4fd31fcd3d5f436da26c980becec37ceefe"
		},
		{
			"ImportPath": "k8s.io/kubernetes/pkg/apis/core/helper",
			"Comment": "v1.11.0",
			"Rev": "91e7b4fd31fcd3d5f436da26c980becec37ceefe"
		},
		{
			"ImportPath": "k8s.io/kubernetes/pkg/apis/core/v1/helper",
			"Comment": "v1.11.0",
			"Rev": "91e7b4fd31fcd3d5f436da26c980becec37ceefe"
		},
		{
			"ImportPath": "k8s.io/kubernetes/pkg/features",
			"Comment": "v1.11.0",
			"Rev": "91e7b4fd31fcd3d5f436da26c980becec37ceefe"
		},
		{
			"ImportPath": "k8s.io/kubernetes/pkg/kubelet/apis",
			"Comment": "v1.11.0",
			"Rev": "91e7b4fd31fcd3d5f436da26c980becec37ceefe"
		},
		{
			"ImportPath": "k8s.io/kubernetes/pkg/util/node",
			"Comment": "v1.11.0",
			"Rev": "91e7b4fd31fcd3d5f436da26c980becec37ceefe"
		}
	]
}
